tool,status_code,official_meaning,causes,solutions
Minikube,503,Minikubeクラスターのサービスが一時的に利用できない。,Minikubeが停止しているかまだ起動中の状態にある|Podがクラッシュループに陥りサービスが停止している|Minikubeのリソース（CPU・メモリ）が不足している,minikube status でクラスターの状態を確認する|kubectl get pods でPodの状態を確認しCrashLoopBackOffのものをdescribeで調べる|minikube config set memory 4096 などでリソースを増やして再起動する
Docker Compose,400,Docker Composeの設定またはAPIリクエストに誤りがある。,compose.ymlのYAML書式に誤りがある|サービス定義で必須キーが欠けているか値の型が間違っている|docker composeコマンドのオプション指定が誤っている,docker compose config でcompose.ymlの内容を検証する|YAMLリンターで構文エラーを確認する|docker compose --helpでオプションの書き方を確認する
Docker Compose,401,コンテナレジストリへの認証に失敗した。,docker loginを実行していないためイメージのpullができない|compose.yml内のimageフィールドでプライベートレジストリを参照しているが認証されていない|CI/CD環境で認証情報が渡されていない,docker login <レジストリURL> で事前にログインしてからdocker compose pullを実行する|CI/CD環境でDOCKER_USERNAMEとDOCKER_PASSWORDを環境変数として設定する|compose.yml内のimageタグにレジストリのURLが正しく含まれているか確認する
Docker Compose,403,レジストリまたはリソースへのアクセス権限がない。,プライベートイメージへのアクセス権限が不足している|ボリュームマウント先のディレクトリにDockerからの書き込み権限がない|Docker Socketへのアクセスが制限されている,イメージの所有者にアクセス権を依頼するか適切なトークンで再ログインする|ls -la でマウント先のパーミッションを確認しchmodで修正する|usermod -aG docker <ユーザー名> でDockerグループにユーザーを追加する
Docker Compose,404,指定したイメージ・サービス・ボリュームが見つからない。,compose.yml内のimage名またはタグが存在しない|buildコンテキストのパスが間違っている|参照しているボリュームやネットワークが先に作成されていない,docker images でローカルのイメージ一覧を確認する|compose.ymlのbuildコンテキストのパスが正しいか確認する|docker compose up --build でイメージをビルドしてから起動する
Docker Compose,409,サービスの状態がリクエストと競合している。,同じ名前のコンテナがすでに起動または停止状態で残っている|同じポートを複数のサービスが使おうとしている|同名のネットワークまたはボリュームがすでに存在する,docker compose down で既存のコンテナを削除してから再起動する|compose.ymlのportsを確認して重複していないか確認する|docker network ls / docker volume ls で競合するリソースを削除する
Docker Compose,500,Docker Composeサービスの内部エラーが発生した。,サービスのコンテナ内部でアプリケーションがクラッシュしている|コンテナのエントリポイントやコマンドが失敗して終了した|ヘルスチェックが失敗しコンテナが再起動ループに入っている,docker compose logs <サービス名> でサービスのログを確認する|docker compose ps でサービスの状態を確認する|docker compose up --no-deps <サービス名> で個別に起動して問題を切り分ける
Docker Compose,503,サービスが起動できないか利用できない状態にある。,依存サービスが起動完了する前にアクセスしようとしている|depends_onのconditionがservice_healthyに設定されているがヘルスチェックが失敗している|コンテナが起動直後に停止している,compose.ymlのdepends_onにcondition: service_healthyを設定する|ヘルスチェックコマンドが正しく機能するか手動で確認する|docker compose logs で起動失敗の原因を調べる
Azure,400,Azure APIへのリクエストにパラメータの誤りがある。,必須パラメータが不足しているか型が間違っている|リソースのプロパティ値が許容される範囲を外れている|リソース名の命名規則（文字数・使用可能文字）に違反している,Azureのエラーレスポンス内のdetailsフィールドで問題のパラメータを特定する|リソース名の命名規則をMicrosoftのドキュメントで確認する|Azure CLIのaz <コマンド> --helpでパラメータの型と必須条件を確認する
Azure,401,Azureへの認証情報が無効または期限切れになっている。,サービスプリンシパルのシークレットが期限切れになっている|az loginのセッションが期限切れになっている|マネージドIDが有効になっていないリソースで使おうとしている,az login で再ログインしてセッションを更新する|az ad sp credential reset でサービスプリンシパルのシークレットを再生成する|VMやFunctionsでマネージドIDが有効になっているか管理ポータルで確認する
Azure,403,Azureリソースへのアクセスが拒否された。,Azure RBACで必要なロールが割り当てられていない|Azure Policyが操作を制限している|リソースのネットワーク設定（プライベートエンドポイント等）でアクセスが制限されている,Azure PortalのIAM（アクセス制御）でロールの割り当てを確認する|az role assignment list --assignee <オブジェクトID> で付与済みロールを確認する|リソースのネットワーク設定でアクセス元のIPやVNetが許可されているか確認する
Azure,404,指定したAzureリソースが見つからない。,リソース名またはIDの綴りが間違っている|リソースが別のサブスクリプションまたはリソースグループに存在する|リソースがすでに削除されている,Azure Portalでリソースの存在とリソースグループを確認する|az resource list --resource-group <RG名> でリソースを一覧表示する|az account show で現在のサブスクリプションが正しいか確認する
Azure,409,Azureリソースの現在の状態とリクエストが競合している。,同じ名前のリソースがすでに存在する|リソースが削除処理中でまだ別のリソースの作成ができない|AzureのProvisioning Stateがsucceedでない状態で操作しようとした,Azure Portalでリソースの現在のProvisioning Stateを確認する|リソース名をグローバルに一意な名前に変更する|リソースの削除が完了するまで数分待ってから再試行する
Azure,429,Azure APIのスロットリング制限に達した。,短時間に多数のAPIリクエストを送信した|サブスクリプションレベルの読み取り/書き込み上限を超えた|ARMのAPIレート制限に達した,x-ms-ratelimit-remaining-subscription-readsヘッダーで残りリクエスト数を確認する|リトライに指数バックオフを実装する|Azure Portalのモニタリングでスロットリングの原因となっているAPIを特定する
Azure,500,Azureサービスの内部エラーが発生した。,Azureのインフラで一時的な障害が発生している|リソースのデプロイ中に内部処理が失敗した,status.azure.com で障害情報を確認する|数分後に再試行する|Azure SupportにリクエストIDを添えてサポートケースを起票する
Azure,503,Azureサービスが一時的に利用できない。,Azureリージョンで障害が発生している|アプリケーションのスケールアウトが間に合わずリクエストを処理できない,status.azure.com でサービス状態を確認する|Auto-scalingの設定を見直してキャパシティを確保する|フェイルオーバーリージョンに切り替える
Supabase,400,Supabase APIへのリクエストの形式または内容に誤りがある。,PostgRESTクエリのフィルタ構文が誤っている|必須のリクエストヘッダー（Content-Typeなど）が欠けている|Supabase Auth APIに渡したパラメータの型が間違っている,Supabase Dashboardの「Table Editor」でクエリを直接試して動作確認する|エラーレスポンスのmessageフィールドで問題のパラメータを特定する|Supabase JavaScriptクライアントの最新バージョンにアップデートする
Supabase,401,Supabaseへの認証トークンが無効または期限切れになっている。,anon keyまたはservice role keyが間違っている|JWTトークンの有効期限（デフォルト1時間）が切れている|supabase.auth.getSession()を呼ばずにAPIを実行しようとしている,Supabase DashboardのProject Settingsでanonキーとservice roleキーを確認する|supabase.auth.getSession()で現在のセッションを取得してからAPIを呼ぶ|セッション切れの場合はsupabase.auth.refreshSession()でトークンを更新する
Supabase,403,Row Level Security（RLS）またはポリシーによってアクセスが拒否された。,テーブルのRLSが有効になっているがポリシーが設定されていない|ログイン済みのユーザーが自分以外のデータにアクセスしようとしている|service role keyが必要な操作をanon keyで実行しようとしている,Supabase DashboardのAuthentication → Policiesでポリシーの内容を確認する|RLSポリシーにauth.uid() = user_idの条件が正しく設定されているか確認する|管理者権限が必要な操作はservice role keyを使うバックエンドから実行する
Supabase,404,指定したテーブル・行・ストレージオブジェクトが見つからない。,テーブル名の綴りが間違っているか大文字小文字が異なる|ストレージのバケット名またはファイルパスが間違っている|Supabase Functionsのエンドポイントのパスが誤っている,Supabase Dashboardのテーブルエディタで正確なテーブル名を確認する|Storage画面でバケット名とファイルパスを確認する|Supabase FunctionsのURLをDashboardのFunctions一覧からコピーして使う
Supabase,409,データの競合（一意制約違反など）が発生した。,PRIMARY KEYまたはUNIQUE制約のあるカラムに重複する値を挿入しようとした|外部キー制約の親レコードが存在しない|同時書き込みでトランザクションが競合した,エラーレスポンスのdetailsで競合しているカラム名を確認する|挿入前にSELECTで既存レコードの存在をチェックするかUPSERTを使う|Supabase Dashboardのテーブル定義で制約を確認する
Supabase,422,リクエストのデータが検証ルールを満たしていない。,パスワードが最低文字数（6文字）を満たしていない|メールアドレスの形式が不正|Supabase AuthのカスタムSMTPやEmailテンプレートの設定に問題がある,Supabase AuthのEmail制限設定を確認する|パスワードは6文字以上で設定する|Supabase Dashboardの「Authentication」→「Email Templates」で設定を確認する
Supabase,429,Supabaseのレート制限または利用枠の上限に達した。,無料プランのデータベースリクエスト数の上限に達した|Edge Functionsの呼び出し回数が上限を超えた|Auth APIへのリクエストが短時間に集中している,Supabase Dashboardの「Usage」でどの枠が上限に達しているか確認する|有料プラン（Pro）へアップグレードする|クライアント側にキャッシュを実装してデータベースへのリクエスト数を減らす
Supabase,500,Supabaseサービスの内部エラーが発生した。,PostgreSQLのクエリが構文エラーまたは実行エラーになっている|Supabase Functionsのコードで未処理の例外が発生している|Supabaseインフラで一時的な障害が起きている,status.supabase.com で障害情報を確認する|Supabase DashboardのLogsでPostgreSQLやFunctionsのエラーを確認する|数分後に再試行する
Vercel,400,Vercel APIへのリクエストの形式または内容に誤りがある。,vercel.jsonの設定に誤りがある|APIリクエストの必須パラメータが欠けている|デプロイ設定でビルドコマンドの形式が正しくない,vercel --debugオプションでデプロイのデバッグ情報を確認する|vercel.jsonをJSON SchemaバリデーターでValidateする|Vercel CLIを最新バージョンにアップデートする
Vercel,401,Vercelへの認証に失敗した。,VercelのAPIトークンが無効または期限切れになっている|VERCEL_TOKEN環境変数が正しく設定されていない|GitHubとのOAuth連携が切れている,Vercel DashboardのAccount Settings → Tokensでトークンを再生成する|CI/CDのシークレットにVERCEL_TOKENが正しく設定されているか確認する|Vercel DashboardでGitHub連携を再接続する
Vercel,403,Vercelプロジェクトまたはリソースへのアクセス権限がない。,別のチームのプロジェクトにアクセスしようとしている|個人アカウントのトークンでチームのリソースにアクセスしている|プロジェクトのパスワード保護が有効になっている,VERCEL_ORG_IDとVERCEL_PROJECT_IDが正しいプロジェクトのものか確認する|チームスコープを持つAPIトークンを使う|Vercel DashboardでScopeを正しいチームに切り替える
Vercel,404,指定したデプロイメントまたはリソースが見つからない。,デプロイメントURLが古くなっているか間違っている|削除されたデプロイメントにアクセスしようとしている|vercel.jsonのrewritesまたはredirectsの設定が間違っている,Vercel DashboardのDeploymentsで最新のデプロイメントURLを確認する|vercel.jsonのrewrites/redirectsのパターンをVercelのドキュメントで確認する|vercel ls で最近のデプロイメント一覧を確認する
Vercel,500,Vercelのサーバーレス関数で内部エラーが発生した。,Serverless FunctionのコードでUncaught Exceptionが発生している|必要なパッケージが正しくインストールされていない|環境変数が設定されていないことで実行時エラーが起きている,Vercel DashboardのFunctions → Logsでエラーの詳細を確認する|ローカルでvercel devを使って関数の動作を確認する|Vercel Dashboardで必要な環境変数がすべて設定されているか確認する
Vercel,502,VercelのEdge NetworkがバックエンドのOriginから不正な応答を受け取った。,Serverless Functionが正しいHTTPレスポンスを返さずに終了している|関数がresponse.end()またはreturnを呼ばずに処理が止まっている|ビルド成果物が不完全でサーバーが正しく起動していない,必ずresponse.send()またはreturnでレスポンスを返すようにコードを修正する|vercel logsコマンドで関数のログをリアルタイムで確認する|ローカルで動作確認してからデプロイする
Vercel,503,Vercelサービスが一時的に利用できない。,Vercelのインフラで障害が発生している|サーバーレス関数の同時実行数が上限に達した,vercel.statuspage.io で障害情報を確認する|数分後に再試行する|Vercel Dashboardの「Usage」で関数の実行数を確認する
Vercel,504,Vercelのサーバーレス関数の実行がタイムアウトした。,Serverless FunctionがHobbyプランのタイムアウト上限（10秒）を超えた|外部APIやデータベースへの接続待ちで処理が長時間化している|重いデータ処理を同期的に行っている,処理を非同期化するかVercelのProプランでタイムアウト上限（300秒）を増やす|外部APIへの接続にはtimeoutを設定して長時間待ちを防ぐ|重い処理はバックグラウンドジョブに移す
Terraform,400,Terraformがクラウドプロバイダーに送るリクエストの形式に誤りがある。,.tfファイルのリソース定義でパラメータの型や値が間違っている|プロバイダーが期待するAPIバージョンと異なる形式でリクエストを送っている|terraform planでエラーが検出されているのにapplyを実行している,terraform validate でHCLの構文エラーを確認する|terraform plan を先に実行してエラーがないことを確認してからapplyする|プロバイダーのドキュメントでリソースの必須パラメータと型を確認する
Terraform,401,クラウドプロバイダーへの認証に失敗した。,アクセスキーやサービスプリンシパルの認証情報が間違っているか期限切れになっている|環境変数（AWS_ACCESS_KEY_ID等）が設定されていない|Terraform Cloudの認証トークンが無効になっている,対象クラウドのCLIで認証状態を確認する（例：aws sts get-caller-identity）|terraform loginを実行してTerraform Cloudへ再認証する|プロバイダーブロックの認証設定を確認する
Terraform,403,クラウドプロバイダーでリソースの作成・変更が拒否された。,実行ロールにリソースを作成・変更する権限が付与されていない|組織のSCPがリソース作成を制限している|別のアカウントやリージョンのリソースを変更しようとしている,IAMポリシーシミュレーターで各アクションの実行権限を確認する|terraform applyを実行するロールに必要な権限を追加する|tfstateファイルのリソース定義と実際のクラウド設定が一致しているか確認する
Terraform,404,参照しているクラウドリソースが見つからない。,data sourceで参照しているリソースがまだ作成されていないか削除されている|リージョンまたはリソース名の指定が間違っている|別のTerraform workspaceで管理しているリソースを参照しようとしている,terraform state list で現在管理しているリソースを確認する|クラウドコンソールでリソースの存在とリージョンを確認する|terraform import でリソースをstateに取り込む
Terraform,409,Terraformが作成しようとするリソースがすでに存在して競合している。,手動で作成したリソースをterraformで管理しようとしてconflictが起きている|terraform applyが中断して中途半端な状態になっている|state fileが古く実際のインフラと差異がある,terraform import でリソースをtfstateに取り込んでから管理する|terraform refresh でstateをクラウドの実態に合わせて更新する|terraform stateコマンドで不整合なリソースを手動で修正する
Terraform,429,クラウドプロバイダーのAPIレート制限に達した。,多数のリソースを一度にterraform applyで作成しようとしている|複数のterraformプロセスが同時に同じプロバイダーのAPIを叩いている,terraform apply -parallelism=5 など並列数を下げる（デフォルト10）|リソースをモジュール単位で分割して段階的にapplyする|プロバイダーの設定でmax_retriesを設定する
Terraform,500,Terraform CloudまたはクラウドプロバイダーAPIの内部エラーが発生した。,クラウドプロバイダーのAPIで一時的な障害が起きている|Terraform Cloudのエージェントで実行エラーが発生した,クラウドプロバイダーのステータスページで障害情報を確認する|terraform apply を再実行する（Terraformは冪等性があるため安全に再実行できる）|Terraform Cloudのrun logで詳細なエラーを確認する
Ansible,400,AnsibleがターゲットAPIまたはモジュールに送るリクエストの形式が正しくない。,Playbookのタスク定義でモジュールのパラメータが誤っている|ymlファイルのインデントが正しくない|モジュールのバージョンと互換性のないパラメータを使っている,ansible-playbook --syntax-check で構文エラーを確認する|ansible-doc <モジュール名> でモジュールのパラメータを確認する|ansible --version と pip show ansible でバージョンを確認して互換性を調べる
Ansible,401,ターゲットホストまたは外部サービスへの認証に失敗した。,SSHの秘密鍵が間違っているかパスフレーズが必要なのに設定されていない|become（sudo）のパスワードが間違っている|外部APIにアクセスするモジュールの認証情報が間違っている,ssh-add <鍵ファイル> でSSHエージェントに鍵を追加する|ansible-playbook -K オプションでbecome_passwordを対話的に入力する|ansible-vault でパスワードなど機密情報を安全に管理する
Ansible,403,ターゲットシステムへのアクセスが拒否された。,SSHユーザーにsudo権限が付与されていない|ターゲットホストのsudoersに実行するコマンドが許可されていない|ファイルシステムのパーミッションが操作を拒否している,ターゲットホストでsudo -l <ユーザー名> でsudo権限を確認する|/etc/sudoers にAnsible実行ユーザーの権限を追加する|タスクのbecome: trueとbecome_user設定を確認する
Ansible,404,ターゲットホストのリソースまたはエンドポイントが見つからない。,タスク内で参照するファイルまたはディレクトリが存在しない|外部APIのURLが間違っているか変更された|インベントリに登録したホストに接続できない,ansible <ホスト名> -m ping で対象ホストへの接続を確認する|タスクで参照するファイルパスをターゲットホスト上で直接確認する|ansible-inventory --list でインベントリの内容を確認する
Ansible,500,ターゲットサーバーの内部エラーが発生した。,ターゲットホスト上でコマンドが実行エラーで終了した|Playbook内のshellまたはcommandタスクがゼロ以外の終了コードを返した|モジュールの実行中にターゲット側でPythonエラーが発生した,ansible-playbook -vvv でデバッグ出力を有効にしてエラーの詳細を確認する|failed_whenやignore_errorsで失敗条件を明示的に制御する|ターゲットホストのシステムログでエラーの詳細を確認する
Ansible,503,ターゲットサービスが一時的に利用できない。,操作対象のサービスが停止またはリスタート中にある|ターゲットホストへのSSH接続がタイムアウトしている|ネットワーク障害でターゲットに到達できない,ansible <ホスト名> -m ping で接続を確認してから再実行する|wait_forモジュールでサービスの起動完了を待ってから次のタスクを実行する|インベントリの接続タイムアウト設定（ansible_connection_timeout）を延長する
GitLab,400,GitLab APIへのリクエストの形式または内容に誤りがある。,リクエストボディのJSON形式が壊れているか必須フィールドが欠けている|GitLab CI/CDの設定ファイル（.gitlab-ci.yml）に構文エラーがある|APIのパラメータの値が許可された範囲外になっている,GitLab CI Lintツール（Settings→CI/CD→CI Lint）でyamlを検証する|エラーレスポンスのmessageフィールドで問題の詳細を確認する|GitLab APIドキュメントで必須パラメータと型を確認する
GitLab,401,GitLabへの認証に失敗した。,パーソナルアクセストークン（PAT）が無効または期限切れになっている|Authorizationヘッダーの形式が誤っている（PRIVATE-TOKENの付け忘れなど）|Deploy TokenまたはCI/CDジョブトークンが無効になっている,GitLab User Settings → Access Tokensでトークンの有効期限を確認する|PRIVATE-TOKEN: <token> ヘッダーが正しく設定されているか確認する|CI/CDパイプラインではCI_JOB_TOKENを使ってGitLab APIにアクセスする
GitLab,403,GitLabプロジェクトまたはリソースへのアクセスが拒否された。,プロジェクトへの必要なロール（Developer/Maintainer等）が付与されていない|グループのアクセス制御でIPアドレスが制限されている|保護ブランチへのプッシュ権限がない,プロジェクトのメンバー一覧でロールを確認する|Group→Settings→General→Permissionsでアクセス設定を確認する|保護ブランチの設定でpushを許可するロールを変更する
GitLab,404,指定したリポジトリ・MR・リソースが見つからない。,プロジェクトのパスまたはIDの綴りが間違っている|プライベートプロジェクトに権限のないトークンでアクセスしている|ブランチ名またはコミットSHAが間違っている,GitLabのWebUIで同じURLにアクセスして存在を確認する|APIのURLで正確なnamespace/project_pathを使っているか確認する|プライベートプロジェクトの場合はトークンにapi scopeがあるか確認する
GitLab,409,リソースの状態が競合している。,すでに存在するブランチ名またはタグ名で作成しようとしている|MergeRequestのソースブランチとターゲットブランチが同じになっている|同名のグループやプロジェクトがすでに存在する,作成前にブランチ/タグの存在をAPIで確認する|MergeRequestのソースブランチとターゲットブランチが異なることを確認する|プロジェクト名をユニークな名前に変更する
GitLab,422,データの内容が検証に失敗した。,プロジェクトの作成でグループのルールに違反している（名前の長さ等）|MergeRequestのtitle/descriptionが空になっている|カスタムフィールドの値が許容範囲外になっている,エラーレスポンスのerrorsフィールドで失敗した検証条件を確認する|MergeRequestのtitleフィールドに必ず文字列を設定する|GitLabの管理者設定でグループ/プロジェクトのルールを確認する
GitLab,429,GitLab APIのレート制限に達した。,短時間に多数のAPIリクエストを送信した|CI/CDパイプラインが短時間に大量のAPIコールを実行している,レスポンスヘッダーのRateLimit-Resetでリセット時刻を確認してから再試行する|GitLab APIのコールをバッチ処理に変更して頻度を下げる|GitLab管理者にレート制限の引き上げを依頼する
GitLab,500,GitLabサーバーで予期しない内部エラーが発生した。,GitLabのインフラで一時的な障害が発生している|リポジトリのgitオブジェクトが破損している,status.gitlab.com で障害情報を確認する|数分後に再試行する|問題が継続する場合はgitlab.com/supportにサポートリクエストを送る
Bitbucket,400,Bitbucket APIへのリクエストの形式または内容に誤りがある。,リクエストボディのJSON形式が壊れているか必須パラメータが欠けている|Bitbucket PipelinesのYAMLに構文エラーがある|APIのクエリパラメータの値が不正な形式になっている,bitbucket-pipelines.ymlをBitbucketのバリデーターで確認する|エラーレスポンスのerrorsまたはmessageフィールドで問題の詳細を確認する|Bitbucket APIドキュメントで必須パラメータを確認する
Bitbucket,401,Bitbucketへの認証に失敗した。,App Passwordが無効または削除されている|ベーシック認証でユーザー名の代わりにメールアドレスを使っていない|OAuthトークンの有効期限が切れている,Bitbucket AccountのApp passwordsページでパスワードを再生成する|APIにはhttps://<ユーザー名>:<app-password>@api.bitbucket.org形式を使う|OAuthの場合はrefresh tokenでアクセストークンを更新する
Bitbucket,403,リポジトリまたはリソースへのアクセス権限がない。,リポジトリへの必要な権限（write/admin）が付与されていない|IPホワイトリストの設定でアクセスがブロックされている|チームのProject管理者のみが実行できる操作を実行しようとした,リポジトリのSettings→User and group accessで権限を確認する|組織のIPホワイトリストの設定を確認する|Workspace管理者にロールの付与を依頼する
Bitbucket,404,指定したリポジトリまたはリソースが見つからない。,リポジトリのスラッグ（URL名）が間違っている|プライベートリポジトリに権限のない認証でアクセスしている|プルリクエストまたはコミットのIDが間違っている,BitbucketのWebUIでリポジトリのURLを確認してスラッグを取得する|APIのURLにワークスペースID/リポジトリスラッグが正しく含まれているか確認する|read権限があるApp passwordを使う
Bitbucket,429,Bitbucket APIのレート制限に達した。,短時間に多数のAPIリクエストを送信した|CI/CDパイプラインが一度に大量のAPIコールを実行している,X-RateLimit-Resetヘッダーでリセット時刻を確認してから再試行する|APIコールをバッチ処理や非同期キューに変更して頻度を下げる|Bitbucket Cloud APIのレート制限（1時間1000リクエスト）を超えないよう調整する
Bitbucket,500,Bitbucketサーバーで予期しない内部エラーが発生した。,Bitbucketのインフラで一時的な障害が発生している|リポジトリのデータ処理中に内部エラーが起きた,bitbucket.status.atlassian.com で障害情報を確認する|数分後に再試行する|Atlassianサポートにリクエストの詳細を添えて問い合わせる
Bitbucket,503,Bitbucketサービスが一時的に利用できない。,Bitbucketがメンテナンス中または過負荷状態になっている|Bitbucket Pipelinesのキューが満杯になっている,bitbucket.status.atlassian.com でメンテナンス情報を確認する|数分後に再試行する|Bitbucket Pipelinesの同時実行数の上限をプランで確認する
Postman,400,Postmanから送ったリクエストのパラメータや形式に誤りがある。,BodyのJSON形式が壊れているか必須フィールドが欠けている|Content-TypeヘッダーがBodyの実際の形式と一致していない|URLのクエリパラメータに不正な文字が含まれている,PostmanのBodyタブでJSON形式の正確さをビルトインの書式チェックで確認する|HeadersタブでContent-Typeを送信するBodyの形式（application/json等）に合わせる|PostmanのConsoleパネル（View→Show Postman Console）でリクエストの詳細を確認する
Postman,401,テスト対象のAPIへの認証に失敗した。,AuthorizationタブでAPIキーやトークンが正しく設定されていない|トークンの有効期限が切れている|環境変数に認証情報がセットされていない,PostmanのAuthorizationタブで認証タイプとトークンを正しく設定する|環境変数（Environment）にAPIキーが正しくセットされているか確認する|Pre-request Scriptを使ってリクエスト前にトークンを自動取得・更新する
Postman,403,テスト対象のAPIへのアクセス権限がない。,使用しているAPIキーに必要なスコープ（権限）が付与されていない|テスト対象APIのIPホワイトリストにPostmanの送信元IPが含まれていない|試している操作がAPIキーの権限レベルを超えている,APIキーの権限設定でスコープを確認し必要なものを追加する|テスト対象のAPIのIPホワイトリストにPostman Cloudの送信元IPを追加する|より高い権限を持つAPIキーを使って再試行する
Postman,404,テスト対象のリソースまたはエンドポイントが見つからない。,URLのパスが間違っているか最新のAPIバージョンが反映されていない|パスパラメータに存在しないIDを指定している|ベースURLの環境変数に誤りがある,PostmanのURLバーでベースURLと変数の展開後のパスを確認する|テスト対象のAPIドキュメントで最新のエンドポイントURLを確認する|Postman Environmentで{{base_url}}などの変数の値を確認する
Postman,429,テスト対象APIのレート制限に達した。,Postmanのコレクションランナーで多数のリクエストを短時間に実行した|繰り返しテストでAPIの呼び出し回数上限を超えた,PostmanのCollection Runnerでdelayオプション（リクエスト間の待機時間）を設定する|ループ処理の繰り返し回数を減らす|テスト環境ではPostman Mock Serverを使ってAPIコールを減らす
Postman,500,テスト対象サービスまたはPostmanサーバーで内部エラーが発生した。,テスト対象APIのサーバー側でエラーが発生している|Postman Cloudサービスで一時的な障害が起きている,Postman Console（View→Show Postman Console）でリクエスト/レスポンスの詳細を確認する|status.postman.com でPostmanのサービス状態を確認する|テスト対象APIの管理者にサーバー側のエラーを確認してもらう
GitHub Actions,400,GitHub APIまたはワークフロー設定のリクエストに誤りがある。,ワークフローYAMLの構文エラーまたは必須フィールドの欠落がある|Actionに渡すパラメータの型や値が間違っている|workflow_dispatchのinputsで定義していないパラメータを渡している,GitHub ActionsのワークフローエラーをActionsタブのログで確認する|actionlintコマンドでワークフローYAMLを静的解析する|使用するActionのREADMEで必須inputsと型を確認する
GitHub Actions,401,GitHub Actionsの認証に失敗した。,PAT（Personal Access Token）が期限切れまたは無効になっている|GITHUB_TOKENのpermissionsが設定されておらず必要なスコープがない|SecretsにトークンがセットされていないかSecretの名前が間違っている,GitHub Settings → Developer settings → PATでトークンの有効期限を確認する|ワークフローのpermissionsブロックでcontents/issuesなど必要なスコープを明示する|Settings → Secrets and variablesでSecretが正しい名前で登録されているか確認する
GitHub Actions,403,GitHub Actionsのリソースまたは操作へのアクセスが拒否された。,GITHUB_TOKENのデフォルト権限がread-onlyに設定されているリポジトリで書き込み操作をしている|Organizationのポリシーで外部サードパーティActionの使用が制限されている|保護ブランチへの自動プッシュが拒否されている,ワークフローのpermissionsにcontents: writeなど必要な権限を追加する|Organization→Settings→ActionsでAllowed actionsの設定を確認する|保護ブランチのルールでGitHub Actionsからのpushを許可する設定を追加する
GitHub Actions,404,ワークフロー・シークレット・アーティファクトが見つからない。,ワークフローファイルが.github/workflows/以下に置かれていない|参照しているシークレット名が実際のSecretの名前と異なる|actions/download-artifactで参照するアーティファクト名が間違っている,ワークフローファイルが.github/workflows/ディレクトリに正しく配置されているか確認する|${{ secrets.SECRET_NAME }}の名前がSettings→Secretsの登録名と一致しているか確認する|actions/upload-artifactで指定したname:とdownload-artifactのname:が一致しているか確認する
GitHub Actions,429,GitHub APIのレート制限に達した。,ワークフロー内でGitHub APIを短時間に大量に呼び出している|複数のワークフローが同時にトリガーされGHAのAPI上限を超えた,gh api コマンドのレスポンスのX-RateLimit-Remainingで残りリクエスト数を確認する|APIコールをバッチ処理にまとめるかcacheを活用して重複呼び出しを減らす|GITHUB_TOKENの代わりにGitHub Apps tokenを使うとレート制限が緩和される
GitHub Actions,500,GitHubのインフラで内部エラーが発生した。,GitHubのインフラで一時的な障害が発生している|ランナーの環境に問題がありジョブが失敗した,githubstatus.com でGitHub Actionsのサービス状態を確認する|ワークフローを手動で再実行する（Re-run jobsボタン）|セルフホストランナーを使っている場合はランナーのログを確認する
GitHub Actions,503,GitHub Actionsサービスが一時的に利用できない。,GitHub Actionsのサービスでメンテナンスまたは障害が発生している|GitHub hostedランナーのキューが混雑していてジョブが開始されない,githubstatus.com でGitHub Actionsの状態を確認する|数分後に再実行する|緊急の場合はセルフホストランナーへ切り替える
Jenkins,400,JenkinsのREST APIへのリクエストの形式が正しくない。,APIリクエストのJSONパラメータが不正な形式になっている|必須パラメータが欠けているか型が間違っている|JenkinsfileのGroovyに構文エラーがある,Jenkinsfile Linterでファイルの構文を確認する|Jenkins REST APIドキュメントでエンドポイントの必須パラメータを確認する|curl -X POST <Jenkins URL>/job/<ジョブ名>/build?token=<TOKEN> で直接APIを試す
Jenkins,401,Jenkinsへの認証に失敗した。,ユーザー名またはAPIトークンが間違っている|セキュリティレルムの設定変更でパスワードがリセットされた|APIトークンが失効または削除されている,Jenkins → User → Configure → API Tokenで新しいトークンを生成する|基本認証でメールアドレスではなくJenkinsのユーザー名を使っているか確認する|jenkins.xmlのセキュリティ設定を確認する
Jenkins,403,JenkinsリソースへのアクセスがCSRFまたは権限チェックで拒否された。,CSRF保護が有効なのにCrumbヘッダーを付けずにAPIを呼び出している|Matrix-based securityでジョブへのBuild/Configure権限がない|匿名ユーザーのアクセスが制限されているのに認証なしでAPIを呼んでいる,GET <Jenkins URL>/crumbIssuer/api/json でCrumbを取得してヘッダーに付ける|Jenkins → Manage Jenkins → Configure Global SecurityでCSRF設定を確認する|Jenkins権限設定で対象ユーザーにJob/BuildのRoleを付与する
Jenkins,404,指定したジョブまたはビルドが見つからない。,ジョブ名の綴りが間違っているか大文字小文字が異なる|フォルダ内のジョブのURLパスが間違っている|ビルド番号が存在しないか削除されている,JenkinsのWebUIで対象ジョブのURLを確認する|フォルダを使っている場合はjob/<folder名>/job/<job名>の形式でURLを構成する|ジョブの「ビルド履歴」で有効なビルド番号を確認する
Jenkins,500,Jenkinsサーバーで予期しない内部エラーが発生した。,Jenkinsのプラグインがクラッシュまたは競合している|JenkinsがメモリでOutOfMemoryErrorが発生した|ビルド中のスクリプトやGroovyコードで未処理の例外が発生した,/var/log/jenkins/jenkins.log でスタックトレースを確認する|不要なプラグインを無効化または削除する|Jenkinsの起動オプションで-Xmxパラメータを増やしてヒープメモリを確保する
Jenkins,503,Jenkinsサービスが利用できない状態にある。,Jenkinsのサービスが停止またはクラッシュしている|Jenkinsのメモリ不足や過負荷でリクエストを処理できない|セーフリスタートモードに入っていて新しいビルドを受け付けていない,systemctl status jenkins でサービスの状態を確認する|systemctl restart jenkins でサービスを再起動する|Jenkinsの管理画面でセーフリスタートモードが有効になっていないか確認する
CircleCI,400,CircleCI APIへのリクエストの形式または内容に誤りがある。,.circleci/config.ymlの構文エラーまたは必須フィールドの欠落がある|CircleCI APIのリクエストボディのJSONが不正な形式になっている|パイプラインパラメータの型が宣言と一致していない,circleci config validate で設定ファイルの構文を確認する|エラーレスポンスのmessageフィールドで問題の詳細を確認する|CircleCI APIドキュメントで必須パラメータと型を確認する
CircleCI,401,CircleCIへの認証に失敗した。,APIトークンが無効または削除されている|CIRCLE_TOKENの環境変数が設定されていない|Personal Access TokenとProject Tokenを使い分けていない,CircleCI → User Settings → Personal API Tokensでトークンを確認または再生成する|CI/CDのシークレットにCIRCLE_TOKENが正しく設定されているか確認する|プロジェクト固有の操作はProject API Tokenを使う
CircleCI,403,CircleCIプロジェクトまたはリソースへのアクセスが拒否された。,フォロー（Follow）していないプロジェクトのリソースにアクセスしようとしている|Organizationのプランで制限されている機能を使おうとしている|他のユーザーのContext（シークレット管理）にアクセスしようとしている,CircleCI WebUIで対象プロジェクトをフォローしているか確認する|Organization管理者にプランの確認と権限付与を依頼する|CircleCI → Organization Settings → Contextsで対象コンテキストへのアクセス権限を確認する
CircleCI,404,パイプラインまたはプロジェクトが見つからない。,プロジェクトのスラッグ（vcs-type/org/repo）が間違っている|パイプラインIDまたはワークフローIDが存在しない|GitHubまたはBitbucketとの連携が切れてプロジェクトが見つからない,CircleCI WebUIでプロジェクトのURLからスラッグを確認する|GET /v2/pipeline/<id> でパイプラインの存在を確認する|VCSとCircleCIの連携をOAuth再認証で更新する
CircleCI,429,CircleCI APIのレート制限に達した。,自動化スクリプトがCircleCI APIを短時間に大量に呼び出している|複数のパイプラインが同時にAPIを叩いている,Retry-Afterヘッダーの値だけ待ってから再試行する|APIコールの間隔を空けてレート制限以下に抑える|クリティカルでないポーリングはWebhookベースに変更する
CircleCI,500,CircleCIの内部エラーが発生した。,CircleCIのインフラで一時的な障害が発生している|特定のビルド設定がCircleCIのランナーで処理エラーを起こしている,status.circleci.com で障害情報を確認する|パイプラインを再実行する（Re-run Workflow from Failedボタン）|circleci supportにサポートリクエストを送る
CircleCI,503,CircleCIサービスが一時的に利用できない。,CircleCIのサービスがメンテナンスまたは過負荷状態になっている|クレジット不足でジョブがキューに入ったまま実行されない,status.circleci.com でメンテナンス情報を確認する|CircleCI → Plan → Overviewでクレジット残量を確認する|数分後に再試行する
Prometheus,400,Prometheusに送ったクエリまたはリクエストの形式が正しくない。,PromQLの構文エラーがある（例：セレクタの括弧忘れ・不正な関数名）|HTTP APIのクエリパラメータの形式が間違っている（時刻の形式など）|インスタントクエリとレンジクエリのパラメータを混在させている,Prometheusの管理UIでクエリを直接実行してエラーメッセージを確認する|PromQL LinterでクエリをValidateする|時刻パラメータはUnixタイムスタンプまたはRFC3339形式で指定する
Prometheus,401,Prometheusへの認証に失敗した。,Prometheusにベーシック認証が設定されているが認証情報を送っていない|TLSクライアント証明書の認証が必要なのに証明書を設定していない|リバースプロキシ（Nginx等）の認証設定でブロックされている,prometheus.ymlのbasic_auth設定を確認して認証情報を付けてリクエストする|TLS設定の場合はクライアント証明書と秘密鍵を正しく設定する|リバースプロキシの認証設定とPrometheusへの転送設定を確認する
Prometheus,403,Prometheus APIへのアクセスが拒否された。,Prometheusの管理APIが--web.enable-admin-apiフラグなしで起動しているため管理操作が拒否されている|ファイアウォールまたはネットワークポリシーでアクセスをブロックしている|リバースプロキシのACLでアクセスを制限している,Prometheus起動オプションに--web.enable-admin-apiを追加して管理APIを有効化する|ファイアウォールの設定でPrometheusのポート（デフォルト9090）へのアクセスを許可する|アクセス制御が必要な場合はリバースプロキシのACL設定を確認する
Prometheus,404,指定したメトリクスまたはターゲットが見つからない。,クエリしているメトリクス名のスペルが間違っている|Prometheusのスクレイプターゲットがダウンしてメトリクスが収集されていない|リテンション期間を超えた古いデータを参照しようとしている,Prometheus UIの「Graph」タブでメトリクス名のオートコンプリートを使って正確な名前を確認する|Prometheus UIの「Targets」ページでスクレイプターゲットの状態（UP/DOWN）を確認する|コンフィグファイルのjob_nameとターゲットのラベルが正しく設定されているか確認する
Prometheus,500,Prometheusサーバーで内部エラーが発生した。,ストレージに対するクエリが複雑すぎてタイムアウトまたはOOMになった|TSDBのデータが破損している|Prometheusのプロセスがメモリ不足でクラッシュした,Prometheusのログでエラーを確認する|クエリの時間範囲を短くするかsubquery intervalを大きくして負荷を減らす|--storage.tsdb.retention.timeを短くするかストレージ容量を増やす
Prometheus,503,Prometheusが起動中かスクレイプターゲットが利用できない。,Prometheusが起動直後でまだデータ収集が完了していない|スクレイプターゲットのエンドポイントが停止またはタイムアウトしている|Prometheusのストレージが満杯になっている,systemctl status prometheus でプロセスの状態を確認する|Prometheus UIの「Targets」ページでターゲットのエラーメッセージを確認する|df -h でストレージの空き容量を確認してアーカイブまたは削除する
Grafana,400,Grafana APIへのリクエストの形式または内容に誤りがある。,ダッシュボードのJSONモデルに必須フィールドが欠けている|APIリクエストのボディが正しいJSON形式になっていない|アラートルールの設定値が範囲外になっている,GrafanaのAPIドキュメントでリクエストの必須フィールドを確認する|ダッシュボードのJSONをGrafanaの内部バリデーションで確認する|エラーレスポンスのmessageフィールドで問題の詳細を確認する
Grafana,401,Grafanaへの認証に失敗した。,ユーザー名またはパスワードが間違っている|APIキー（Service Account Token）が無効または期限切れになっている|GrafanaとIdP（LDAP・OAuth等）の連携が切れている,Grafana → Administration → Service Accountsでトークンを再生成する|AuthorizationヘッダーにはBearer <token>形式で設定する|LDAP/OAuthを使っている場合はGrafanaのログでIdP接続エラーを確認する
Grafana,403,ダッシュボードまたはデータソースへのアクセス権限がない。,GrafanaのロールにダッシュボードやフォルダへのViewまたはEdit権限がない|OrganizationのAdminのみが操作できる機能を一般ユーザーが実行しようとしている|データソースへのアクセスが特定のチームやロールに制限されている,Grafana → Administration → Users and accessでユーザーのロールを確認する|フォルダのPermissions設定でチームやユーザーへのアクセス権限を付与する|データソースの設定でアクセス制御（Permissions）を確認する
Grafana,404,ダッシュボードまたはパネルが見つからない。,ダッシュボードのUIDまたはIDが間違っている|ダッシュボードが削除されているか別のフォルダに移動した|Grafanaのデータソース設定が削除またはIDが変わった,Grafana APIのGET /api/dashboards/home でデフォルトダッシュボードを確認する|GET /api/search?type=dash-db でダッシュボードを一覧表示して正確なUIDを取得する|ダッシュボードのURLのuid部分を現在有効な値に更新する
Grafana,500,Grafanaサーバーで予期しない内部エラーが発生した。,データソース（Prometheus・InfluxDB等）からのレスポンスが正しくないためパネルの描画に失敗した|GrafanaのデータベースへのSQLite/MySQL接続に問題がある|プラグインの読み込みエラーが発生している,GrafanaのログファイルでERRORまたはCRITICALレベルのメッセージを確認する|データソースの設定画面でTest接続を実行して接続状態を確認する|問題のあるプラグインを無効化してから再起動する
Grafana,503,データソースまたはGrafanaサービスが利用できない。,Grafanaのバックエンドデータソースがダウンしていてパネルにデータが表示されない|Grafanaサービス自体が停止またはクラッシュしている|外部データソースへの接続タイムアウトが頻発している,データソースの設定画面でTest & Saveを実行して接続を確認する|systemctl status grafana-server でGrafanaのサービス状態を確認する|データソースのタイムアウト設定（Timeout seconds）を延長する
Datadog,400,Datadog APIへのリクエストの形式または内容に誤りがある。,メトリクスのペイロード形式が間違っている（例：timestampが整数でない）|ダッシュボードやモニターのJSONモデルに必須フィールドが欠けている|APIリクエストのクエリパラメータの形式が不正,DatadogのAPI Referenceで各エンドポイントのリクエスト形式を確認する|エラーレスポンスのerrorsフィールドで問題のフィールドを特定する|DatadogのIntegrations → APIページでAPI Explorerを使ってリクエストを試す
Datadog,401,Datadog APIキーまたはアプリケーションキーが無効。,DD_API_KEYまたはDD_APP_KEYが設定されていないか間違っている|APIキーが削除または無効化されている|オーガニゼーションのAPIキーを別のオーガニゼーションのリソースに使っている,Datadog → Organization Settings → API Keysでキーの有効状態を確認する|環境変数DD_API_KEYとDD_APP_KEYが正しく設定されているか確認する|新しいAPIキーを生成して使い直す
Datadog,403,Datadog APIへのアクセス権限がない。,アプリケーションキーにリソースへのアクセスに必要なスコープがない|ユーザーに対象リソースのアクセス権限がないためアプリケーションキーも権限を持てない|オーガニゼーションレベルのアクセス制御で制限されている,Datadog → Organization Settings → Application Keysでスコープを確認し必要なスコープを追加する|アプリケーションキーの所有者ユーザーが対象リソースへのアクセス権限を持っているか確認する|管理者に必要なロールとスコープの付与を依頼する
Datadog,404,指定したメトリクス・モニター・ダッシュボードが見つからない。,モニターIDまたはダッシュボードIDが間違っている|メトリクスがまだDatadogに送信されていないか名前が異なる|削除されたリソースにアクセスしようとしている,DatadogのWebUIでリソースを検索してIDを確認する|Metrics ExplorerでメトリクスのフルネームをDatadog上で確認する|GET /api/v1/monitor でモニターの一覧を取得して正確なIDを確認する
Datadog,429,Datadog APIのレート制限に達した。,短時間に多数のAPIリクエストを送信した|モニタリングエージェントがカスタムメトリクスを高頻度で送信している|複数のシステムが同じAPIキーを共有してレート制限を消費している,X-RateLimit-Remainingレスポンスヘッダーで残りリクエスト数を確認する|Retry-Afterヘッダーの値だけ待機してからリトライする|カスタムメトリクスの送信間隔を適切に設定する
Datadog,500,Datadogサービスの内部エラーが発生した。,Datadogのインフラで一時的な障害が発生している|大量のデータ送信により処理が詰まっている,status.datadoghq.com で障害情報を確認する|数秒後に再試行する（指数バックオフを推奨）|問題が継続する場合はDatadogサポートにリクエストIDを添えて問い合わせる
Datadog,503,Datadogサービスが一時的に利用できない。,Datadogのサービスがメンテナンス中または過負荷状態になっている|Datadogエージェントがサーバーに到達できない,status.datadoghq.com でメンテナンス情報を確認する|Datadogエージェントの設定でProxyやネットワーク設定を確認する|数分後に再試行する
AWS S3,NoSuchBucket,指定されたバケットが存在しない,バケット名のスペルミス|バケットがまだ作成されていない|バケットが別リージョンにある|バケットが削除済み,バケット名を正確に確認する|aws s3 ls でバケット一覧を確認する|リージョンを --region で明示する|バケットを再作成する
AWS S3,NoSuchKey,指定されたキー（オブジェクトパス）が存在しない,キーのパスのスペルミス|オブジェクトが削除済み|大文字小文字の不一致|プレフィックスの区切り文字（/）の漏れ,aws s3 ls s3://bucket/prefix でオブジェクト一覧を確認する|キーの大文字小文字を正確に指定する|GetObject 前に HeadObject で存在確認する|バージョニング有効時は VersionId を指定する
AWS S3,AccessDenied,S3 リソースへのアクセスが拒否された,IAM ポリシーに s3:GetObject 等の権限がない|バケットポリシーで Deny が設定されている|オブジェクトが別アカウント所有でACL未設定|S3 Block Public Access が有効,IAM ポリシーで必要なアクション（s3:GetObject 等）を許可する|バケットポリシーの Deny 条件を確認する|オブジェクト所有者にACL付与を依頼する|Block Public Access の設定を確認する
AWS S3,BucketAlreadyExists,指定したバケット名がグローバルで既に使用されている,S3 バケット名は全リージョン・全アカウントでグローバル一意|他のユーザーが同名バケットを先に作成している,より固有な名前（会社名・プロジェクト名・乱数を含む）を使用する|aws s3 mb で別名を試す|命名規則にアカウントIDを含める
AWS S3,InvalidBucketName,バケット名がS3の命名規則に違反している,3〜63文字の制約違反|大文字・アンダースコア・連続するハイフンの使用|IPアドレス形式の名前|先頭または末尾がハイフン,小文字・数字・ハイフンのみ使用する|3〜63文字に収める|先頭と末尾を英数字にする|IPアドレス形式（例: 192.168.1.1）を避ける
AWS S3,EntityTooLarge,アップロードするオブジェクトがサイズ制限を超えている,PUT Object の上限は 5GB|マルチパートアップロード全体の上限は 5TB|単一パートが 5GB を超えている,5GB 超のファイルはマルチパートアップロードを使用する|aws s3 cp は自動でマルチパートに切り替える|SDK では TransferManager を使用する
AWS S3,RequestTimeout,サーバーがリクエストのデータを時間内に受信できなかった,ネットワーク帯域が不足している|大きなファイルのアップロード中に接続が遅延|クライアント側の送信タイムアウト設定が短すぎる,マルチパートアップロードでチャンクを小さくする|SDK のタイムアウト設定を延長する|ネットワーク状態を確認してリトライする|Transfer Acceleration を有効化する
AWS S3,SlowDown,リクエスト頻度がS3のレート制限を超えている（スロットリング）,同一プレフィックスへの高頻度リクエスト（3500 PUT/s・5500 GET/s 超）|キープレフィックスが集中している,指数バックオフでリトライする|キープレフィックスをランダム化して分散させる|S3 Transfer Acceleration を検討する|CloudFront でキャッシュしてリクエスト数を削減する
AWS S3,BucketNotEmpty,オブジェクトが残っているバケットを削除しようとした,バケット削除前にオブジェクト・バージョン・削除マーカーが残っている|バージョニング有効時は全バージョンの削除が必要,aws s3 rm s3://bucket --recursive で全オブジェクトを削除する|バージョニング有効時は全バージョンも削除する|ライフサイクルポリシーで自動削除後に削除する
AWS S3,InvalidObjectState,オブジェクトの現在の状態でこの操作は実行できない,Glacier・Glacier Deep Archive にアーカイブ中のオブジェクトを直接取得しようとした|復元（RestoreObject）が完了していない,RestoreObject API でオブジェクトを復元する|復元完了（1〜12時間）を待ってから GetObject する|S3 Intelligent-Tiering の利用を検討する
AWS S3,MissingContentLength,Content-Length ヘッダーが必要だが送信されていない,ストリーミングアップロードで Content-Length を省略した|SDK を使わず生の HTTP リクエストを送信した,リクエストに Content-Length ヘッダーを付与する|AWS SDK を使用すると自動で付与される|チャンク転送の場合は Transfer-Encoding: chunked を使用する
AWS S3,MalformedXML,リクエストボディの XML が S3 の仕様に適合していない,Delete Objects や CORS 設定の XML 構造が不正|必須要素が欠けている|エンコードが不正,AWS SDK を使用して XML を自動生成させる|AWS ドキュメントの XML スキーマと照合する|XML バリデーターで構文を確認する
AWS S3,PreconditionFailed,条件付きリクエストの前提条件が一致しなかった,If-Match に指定した ETag がオブジェクトの現在の ETag と不一致|If-Unmodified-Since の日時より後に更新されている,最新の ETag を HeadObject で取得し直す|楽観的ロックの競合が発生したためリトライする|条件ヘッダーを正しく設定する
AWS S3,InvalidRange,Range ヘッダーで指定したバイト範囲がオブジェクトサイズを超えている,オブジェクトのサイズより大きい終端バイトを指定した|オブジェクトが空（0バイト）に Range リクエストした,HeadObject でオブジェクトサイズを確認してから Range を指定する|Range の終端をオブジェクトサイズ未満に設定する
AWS S3,OperationAborted,競合する操作が進行中のため、リクエストが中断された,マルチパートアップロード中に同じキーへの別の操作が干渉した|バケット設定変更中に操作が競合した,少し待ってからリトライする|マルチパートアップロードを完了または中断してから再実行する|並列操作の順序を制御する
AWS Lambda,ResourceNotFoundException,指定した Lambda 関数・レイヤー・エイリアスが存在しない,関数名またはARNのスペルミス|関数が別リージョンにある|関数が削除済み|バージョン・エイリアスが存在しない,aws lambda list-functions でデプロイ済み関数を確認する|ARN のリージョンを確認する|関数名の大文字小文字を正確に指定する|存在しないバージョン番号の指定を確認する
AWS Lambda,InvalidParameterValueException,リクエストパラメータの値が無効または矛盾している,ランタイムに対応していないハンドラ形式を指定した|メモリ・タイムアウト値が許容範囲外|IAM ロールの ARN が不正|環境変数の値が 4KB を超えている,ハンドラ形式をランタイムの仕様（例: index.handler）に合わせる|メモリは 128〜10240 MB・タイムアウトは最大 900 秒に設定する|IAM ロール ARN を正しい形式で指定する|環境変数の合計サイズを確認する
AWS Lambda,TooManyRequestsException,Lambda の同時実行数の上限に達した（スロットリング）,アカウントの同時実行数上限（デフォルト 1000）を超えた|関数に予約済み同時実行数が設定されバーストした|コールドスタートが集中した,AWS サポートに同時実行数の引き上げを申請する|予約済み同時実行数を関数ごとに調整する|Provisioned Concurrency でコールドスタートを削減する|SQS でバッファリングしてリクエストを平滑化する
AWS Lambda,ServiceException,Lambda サービス側で内部エラーが発生した,AWS Lambda サービスの一時的な障害|リージョン内の問題,指数バックオフでリトライする|AWS Service Health Dashboard でサービス状態を確認する|別リージョンへのフェイルオーバーを検討する
AWS Lambda,CodeStorageExceededException,アカウントのコードストレージ容量（75 GB）を超えた,デプロイしたコード・レイヤーの累計が 75 GB を超えた|古いバージョンが大量に残っている,不要な古いバージョンを aws lambda delete-function --qualifier で削除する|Lambda Power Tools のバージョン管理を活用する|レイヤーの不要バージョンを削除する
AWS Lambda,InvalidZipFileException,デプロイパッケージの ZIP ファイルが無効または破損している,ZIP ファイルが壊れている|対応していない圧縮形式（ZIP64 等）を使用した|ハンドラファイルが ZIP 内に存在しない,ZIP ファイルをローカルで展開して内容を確認する|標準の ZIP 形式で再圧縮する|ハンドラファイルが ZIP ルートまたは正しいパスにあるか確認する
AWS Lambda,RequestTooLargeException,リクエストペイロードが上限（同期呼び出し 6 MB・非同期 256 KB）を超えた,Invoke API に渡すペイロードが大きすぎる|画像・ファイルを直接ペイロードに含めている,S3 にファイルをアップロードし Lambda には S3 キーのみ渡す|非同期呼び出しは 256 KB 以内に収める|API Gateway 経由の場合も 10 MB 制限に注意する
AWS Lambda,KMSDisabledException,環境変数の暗号化に使用している KMS キーが無効化されている,カスタム KMS キーが無効化または削除された|キーのポリシーで Lambda の使用が拒否されている,KMS コンソールでキーの状態を確認して有効化する|Lambda の実行ロールに kms:Decrypt 権限を付与する|デフォルトのサービスキー（aws/lambda）を使用する
AWS Lambda,SubnetIPAddressLimitReachedException,VPC 内の Lambda 関数用サブネットで利用可能な IP アドレスが枯渇した,サブネットの CIDR ブロックが小さすぎる|同時実行数増加により ENI が大量に必要になった,より大きな CIDR ブロックを持つサブネットを追加する|複数のサブネットを Lambda 設定に追加して分散させる|同時実行数を予約済み同時実行で制限する
AWS Lambda,EC2ThrottledException,VPC 内の Lambda が EC2 API のスロットリングを受けた,VPC Lambda のコールドスタート時に ENI 作成が集中した|EC2 API の呼び出しレートが上限を超えた,Provisioned Concurrency を有効化してコールドスタートを削減する|段階的にスケールアップして ENI 作成を分散させる|AWS サポートに EC2 API レート引き上げを申請する
Shopify,CARD_DECLINED,お客さまのカードが決済会社によって拒否された,カードの利用限度額を超えている|カード情報（番号・有効期限・セキュリティコード）が間違っている|カード会社がオンライン決済を制限している|不正利用防止のためカード会社が止めた,お客さまにカード会社へ電話して確認してもらう|別のカードや決済方法（PayPay・コンビニ払い等）を案内する|Shopify 管理画面「注文」で該当注文の詳細を確認する|カード情報を入力し直してもらう
Shopify,PAYMENT_GATEWAY_ERROR,Shopify と決済サービス会社の間で通信エラーが発生した,決済代行会社（Stripe・PayPal等）側で一時的な障害が起きている|Shopify の決済設定が正しく完了していない|APIキーや秘密鍵が古くなっている,5〜10分後に再試行する|Shopify 管理画面「設定」→「決済」で連携状態を確認する|決済代行会社のステータスページで障害情報を確認する|Shopify サポートに問い合わせる
Shopify,CHECKOUT_EXPIRED,お客さまのカートが有効期限切れになった,カートに商品を入れてから長時間（通常24時間以上）放置した|ブラウザのCookieが削除された|別の端末でセッションが切れた,お客さまに商品を再度カートに入れ直してもらう|「カートに入れる」ボタンを押してから購入まで時間をかけないよう案内する|ゲスト購入よりアカウント登録購入を勧める
Shopify,INVENTORY_RESERVATION_ERROR,購入しようとした商品の在庫が確保できなかった,複数のお客さまが同じ在庫の最後の1点を同時に購入しようとした|在庫数の設定が実際の在庫とずれている,管理画面「商品」から在庫数を確認・修正する|「在庫を追跡する」設定が有効になっているか確認する|お客さまに在庫切れを案内し、再入荷通知を案内する
Shopify,DISCOUNT_CODE_INVALID,入力された割引コードが使用できない状態にある,割引コードの有効期限が切れている|使用回数の上限に達している|対象外の商品・金額・お客さまグループに使おうとしている|コードの入力ミス（大文字小文字の違いなど）,管理画面「割引」から該当コードの設定を確認する|有効期限と使用回数の残りを確認する|コードの適用条件（最低購入金額・対象商品）をお客さまに伝える|新しいコードを発行する
Shopify,ADDRESS_VALIDATION_FAILED,配送先住所が正しい形式で入力されていない,郵便番号と都道府県が一致していない|必須項目（番地・建物名など）が入力されていない|対応していない国・地域を選択している,お客さまに住所を再入力してもらう|郵便番号から住所を自動入力する機能を使ってもらう|Shopify の配送設定で対応地域を確認する
Shopify,SHOP_SUSPENDED,ショップが一時停止または利用停止になっている,Shopify の月額料金が未払いになっている|利用規約に違反するコンテンツが検出された|アカウントのセキュリティ問題が発生した,Shopify 管理画面にログインして通知メッセージを確認する|請求情報を更新して未払いを解消する|Shopify サポートに連絡して停止理由を確認する
Zoom,エラーコード 1001,サインインしているユーザーがこのアカウントに存在しない,個人の Zoom アカウントと会社のアカウントを混同している|メールアドレスが違うアカウントで登録されている|アカウントが削除またはメールアドレスが変更された,サインアウトして会社指定のメールアドレスで再ログインする|IT担当者にアカウントの状態を確認してもらう|「別のアカウントでサインイン」を試す
Zoom,エラーコード 3000,アカウントの設定に問題があり操作が完了できない,管理者がこの機能を無効にしている|プランがこの機能に対応していない|アカウントの設定が競合している,Zoom の設定画面（zoom.us）でアカウント設定を確認する|会社のIT担当者・管理者に機能の許可を依頼する|Zoom のプランで使える機能か確認する
Zoom,エラーコード 124,Zoom へのログイン状態が切れた（認証トークンの期限切れ）,長時間使用していなかった|ブラウザやアプリを長期間開いたままにしていた|アカウントが別の端末でサインアウトされた,一度サインアウトして再度サインインする|Zoom アプリを完全に終了して再起動する|パスワードが変更されていないか確認する
Zoom,エラーコード 300,入力したミーティング ID が存在しないか無効である,ミーティング ID の入力ミス（数字の打ち間違い）|ミーティングがすでに終了または削除された|主催者がミーティングをキャンセルした,招待メールやチャットから ID をコピー＆ペーストして入力する|主催者に最新のミーティング URL・ID を再送してもらう|ミーティングの開始時刻になっているか確認する
Zoom,エラーコード 200,この操作を行う権限がない,無料プランでは使えない機能を使おうとした|主催者権限がないのにミーティングを制御しようとした|管理者が機能を制限している,主催者（ホスト）に操作を依頼する|Zoom のプランをアップグレードする|会社のIT管理者に権限付与を依頼する
Zoom,エラーコード 5003,Zoom のサーバーに接続できない,インターネット接続が不安定または切断されている|会社のファイアウォールが Zoom の通信をブロックしている|Zoom のサービスが一時的に障害中,Wi-Fi やネットワーク接続を確認して再接続する|有線LANに切り替えてみる|zoom.us/test でミーティングテストを実行する|IT担当者にファイアウォール設定を確認してもらう
Chatwork,400,送信したリクエストの内容が正しくない,メッセージや設定の入力内容が規定の形式に合っていない|ファイルサイズや文字数の上限を超えている|対応していない文字や記号が含まれている,入力内容を確認して修正する|ファイルは10MB以下、メッセージは1万文字以内に収める|特殊な記号や絵文字を削除して再送信する
Chatwork,401,Chatwork へのログインが必要、またはAPIトークンが無効,ログインセッションが切れた|APIトークンが失効または誤っている|パスワードが変更された後に再ログインしていない,一度ログアウトして再ログインする|Chatwork の設定画面でAPIトークンを再発行する|ブラウザのキャッシュをクリアしてログインし直す
Chatwork,403,このチャットルームやメッセージへのアクセス権限がない,退室済みのグループチャットにアクセスしようとした|管理者が閲覧権限を制限している|招待されていないチャットルームにアクセスしようとした,グループチャットの管理者に招待を依頼する|自分がそのルームのメンバーかどうか確認する|ルームが削除されていないか管理者に確認する
Chatwork,429,短時間に送りすぎてレート制限がかかった,自動化ツールやAPIで大量のメッセージを一度に送信した|短時間に何度も同じ操作を繰り返した,しばらく待ってから再試行する（通常1分程度）|自動送信ツールを使っている場合は送信間隔を空ける|Chatwork API のレート制限（1分あたりのリクエスト数）を確認する
Chatwork,500,Chatwork 側のサーバーで一時的な問題が発生している,Chatwork のシステムメンテナンス中|Chatwork のサーバーに障害が発生している,数分後に再試行する|Chatwork のシステム状態ページ（status.chatwork.com）で障害情報を確認する|急ぎの場合はメールや電話など別手段で連絡する
freee,400,送信したデータの形式や内容に誤りがある,日付・金額・勘定科目の入力形式が正しくない|必須項目が入力されていない|対応していない文字が含まれている,"エラーメッセージに表示されている項目を確認して修正する|日付は YYYY/MM/DD 形式で入力する|金額に全角数字やカンマ（,）が混入していないか確認する"
freee,401,freee へのログインが必要、またはアクセス権限が切れた,セッションが長時間の無操作により切れた|別の端末でログアウトされた|パスワードが変更された,一度ログアウトして再ログインする|ブラウザのキャッシュをクリアする|パスワードを忘れた場合はパスワードリセットを実行する
freee,403,この操作を行う権限がない,オペレーター権限ではなく管理者権限が必要な操作をしようとした|事業所の権限設定で操作が制限されている|他の事業所のデータにアクセスしようとした,管理者（オーナー）に権限変更を依頼する|freee の権限設定（メンバー管理）を確認する|正しい事業所にログインしているか確認する
freee,422,入力内容に矛盾があり処理を完了できない,取引の借方・貸方の金額が一致していない|存在しない取引先・品目を指定している|締め済みの期間に仕訳を登録しようとした,仕訳の金額と勘定科目の組み合わせを確認する|取引先・品目マスタに対象データが登録されているか確認する|会計期間のロック設定を確認する
freee,503,freee のサービスが一時的に利用できない状態にある,freee のシステムメンテナンス中|障害が発生している,freee のメンテナンス情報ページを確認する|数分〜数十分後に再試行する|急ぎの入力はメモしておき、復旧後に入力する
BASE,CARD_ERROR,クレジットカードによる決済が完了できなかった,カードの利用限度額を超えている|カード番号・有効期限・セキュリティコードの入力ミス|カード会社がオンライン決済を制限している|海外発行カードが非対応,別のカードで試してもらう|カード情報をゆっくり確認して再入力してもらう|コンビニ払いや銀行振込など別の支払い方法を案内する|カード会社に問い合わせてもらう
BASE,SOLD_OUT,購入しようとした商品が売り切れになった,在庫が0になっている|複数のお客さまが同時に最後の在庫を購入しようとした,BASE 管理画面「商品管理」から在庫数を追加する|在庫がない場合は商品を「非公開」に設定して誤注文を防ぐ|再入荷した際に購入者へ連絡する手段を案内する
BASE,SHOP_CLOSED,ショップが休業中または非公開に設定されている,オーナーがショップを一時休業・非公開に設定した|BASE の審査中または利用停止中,BASE 管理画面「ショップ設定」で公開状態を確認する|休業中の場合は再開日を SNS などでお知らせする|利用停止の場合は BASE サポートに問い合わせる
BASE,PAYMENT_LIMIT,1回の注文金額が決済の上限を超えている,BASE Pay の1回あたりの決済上限（通常30万円）を超えた|お客さまの設定している決済上限を超えた,注文を分けて複数回に分けて購入してもらう|銀行振込など別の支払い方法を案内する|定期的に大口購入がある場合は BASE サポートに相談する
BASE,ADDRESS_ERROR,配送先住所に問題があり注文が完了できない,住所の必須項目（番地・部屋番号など）が不足している|郵便番号と住所が一致していない|配送不可エリア（離島・一部地域）を指定している,住所を正確に再入力してもらう|郵便番号から住所自動入力を使ってもらう|配送可能エリアをショップ説明文に明記する
Docker,400,リクエストの形式が正しくないため、サーバーが処理を拒否した。,Dockerfileの書き方に誤りがある|APIリクエストのJSON形式が壊れている|使用しているDockerのバージョンが古い,Dockerfileの構文をdocker build --no-cacheで再確認する|エラーメッセージ内のJSONを整形ツールで検証する|docker --versionで最新版かどうか確認し、古ければ更新する
Docker,401,認証情報が提供されていないか、認証に失敗した。,docker loginを実行していない|認証トークンの有効期限が切れている|レジストリのURLが間違っている,docker loginコマンドで再度ログインする|~/.docker/config.jsonを削除してdocker loginをやり直す|接続先のレジストリURLを公式ドキュメントで確認する
Docker,403,認証は成功したが、そのリソースへのアクセス権限がない。,プライベートリポジトリへの読み取り・書き込み権限がない|組織のアクセスポリシーで制限されている|使用しているアカウントに必要な役割が割り当てられていない,リポジトリのオーナーに権限付与を依頼する|Docker Hubの組織設定でチームの権限を確認する|使用アカウントのロールを管理者画面から確認する
Docker,404,指定したリソース（イメージやコンテナ）が見つからない。,イメージ名またはタグ名の綴りが間違っている|指定したバージョンのイメージが存在しない|ローカルにイメージが存在せず、リモートにも公開されていない,docker images でローカルのイメージ一覧を確認する|Docker Hubでイメージ名とタグが正しいか検索する|docker pull イメージ名:タグ で明示的に取得する
Docker,409,リクエストの内容がサーバーの現在の状態と矛盾している。,同じ名前のコンテナがすでに動いているか停止状態で残っている|同じポートを複数のコンテナが使おうとしている,docker ps -a で同名コンテナを確認し docker rm コンテナ名 で削除する|docker run 時に --name を変更するか既存コンテナを先に削除する|-p オプションで別のポート番号を指定する
Docker,422,リクエスト自体の形式は正しいが、中身のデータが処理できない。,docker-compose.ymlの設定値が仕様の範囲外になっている|環境変数の型や値が期待されるものと合っていない,docker-compose configコマンドで設定ファイルの内容を検証する|公式の設定リファレンスで各項目の型と許容値を確認する
Docker,429,短時間に送ったリクエスト数が上限を超えた。,Docker Hubへのイメージ取得回数が無料枠の上限に達した|CI/CDパイプラインが短時間に大量のpullを実行している,Docker Hubにログインすることで取得上限を引き上げる（無料アカウントでも向上）|よく使うイメージをプライベートレジストリまたはローカルキャッシュに保存する|pullの頻度を下げるようにCI設定を見直す
Docker,500,Dockerデーモン（バックグラウンドプロセス）で予期しない問題が起きた。,Dockerデーモン自体がクラッシュまたは異常な状態になっている|ディスクの空き容量がなくなっている|Dockerのデータが壊れている,sudo systemctl restart docker または Docker Desktopを再起動する|df -h でディスク容量を確認し、docker system pruneで不要データを削除する|Dockerのログ（/var/log/docker.log）でエラーの詳細を確認する
Docker,502,中継サーバー（プロキシや上流のサーバー）から不正な応答を受け取った。,プライベートレジストリとDockerデーモン間のネットワークに問題がある|レジストリのプロキシ設定が間違っている,curl でレジストリのURLに直接アクセスできるか確認する|/etc/docker/daemon.json のプロキシ設定を見直す
Docker,503,サーバーが過負荷または保守中のため、リクエストを処理できない。,Docker Hubが一時的なメンテナンス中または過負荷状態になっている|プライベートレジストリのサーバーが停止している,Docker Hubのステータスページ（status.docker.com）で障害情報を確認する|数分待ってから再度試す|内製のレジストリの場合はサーバーの稼働状態を確認する
AWS,400,AWSサービスへのリクエストにパラメータの誤りがある。,必須のパラメータが不足しているか、型が間違っている|ARN（リソースの識別子）の書き方が誤っている|サービスのAPIバージョンが古い,AWSのエラーレスポンス内の「message」フィールドで不足パラメータを特定する|ARNを管理コンソールからコピーして使う|使用しているSDKやCLIを最新版に更新する
AWS,401,認証情報が無効または期限切れになっている。,アクセスキーIDまたはシークレットアクセスキーが間違っている|セッショントークンの有効期限が切れている（一時的な認証の場合）,aws configure list で現在の認証設定を確認する|aws configure で認証情報を再入力する|STS（一時的なトークン）を使っている場合は再発行する
AWS,403,認証は成功したが、操作を実行するIAM権限が不足している。,IAMポリシーに必要なActionが含まれていない|リソースレベルの制限により特定のARNへのアクセスが拒否されている|SCP（サービスコントロールポリシー）によりOrganizationレベルで制限されている,IAMポリシーシミュレーターで操作の可否を事前確認する|エラーメッセージ内の「Action」と「Resource」を確認してポリシーを修正する|CloudTrailで拒否されたAPIコールの詳細を確認する
AWS,404,指定したAWSリソース（バケット・インスタンスなど）が見つからない。,リソース名またはIDの綴りが間違っている|リソースが別のリージョンに存在する|リソースがすでに削除されている,管理コンソールで対象リソースの存在とリージョンを目視確認する|AWS CLIで --region パラメータを明示的に指定する|リソースの命名規則（大文字小文字の区別など）を再確認する
AWS,429,単位時間あたりのAPIリクエスト数がサービスの上限を超えた。,ループ処理の中でAPIを呼び出す間隔を設けていない|複数のプロセスが同時に同じAPIを叩いている,リトライ処理に「指数バックオフ（待機時間を徐々に延ばす方法）」を組み込む|AWS SDKの標準リトライ機能を有効化する|Service Quotasコンソールから上限の引き上げを申請する
AWS,500,AWS側で予期しない問題が発生した。,AWSの内部的な障害であり、利用者側の設定の問題ではない,AWS Service Healthダッシュボードで障害情報を確認する|数分後に同じリクエストを再試行する（冪等性のある操作の場合）|AWSサポートにケースを起票する
AWS,502,ロードバランサーまたはAPI GatewayがバックエンドのEC2やLambdaから不正な応答を受け取った。,バックエンドのアプリケーションが異常終了している|Lambda関数のタイムアウト時間を超えて処理が終わらなかった|ALBとターゲットグループのヘルスチェックが失敗している,EC2インスタンスのアプリケーションログを確認する|Lambdaのタイムアウト設定を関数設定画面から延長する|ALBのターゲットグループで「ヘルスステータス」を確認する
AWS,503,AWSのサービスが一時的に利用できない状態になっている。,対象リソースの容量が上限に達している|AWSサービス側で障害が発生している,AWS Service Healthダッシュボードで障害情報を確認する|Auto Scalingの設定を見直してキャパシティを確保する|数分後に再試行する
GitHub API,400,GitHubのAPIに送ったリクエストの形式が正しくない。,リクエストボディのJSON形式が壊れている|必須のフィールドが抜けている|パラメータの値が許容される範囲や形式を外れている,GitHubのAPIドキュメントで必須フィールドを確認する|JSONを整形ツールで検証してから送信する|エラーレスポンスの「errors」配列で問題のフィールド名を特定する
GitHub API,401,GitHubへの認証に失敗した。,個人アクセストークン（PAT）が間違っているか期限切れになっている|Authorizationヘッダーの書き方が誤っている（Bearer の付け忘れなど）,GitHub設定のDeveloper settingsでトークンの有効期限を確認する|Authorization: Bearer {トークン} の形式でヘッダーを設定しているか確認する|トークンを再発行して使い直す
GitHub API,403,認証は成功したが、その操作の権限がない。,使用しているトークンに必要なスコープ（権限）が付与されていない|組織の管理者がAPIアクセスを制限するSSO設定をしている|GitHubの標準的なレート制限に達している,トークンの設定画面でスコープ一覧を確認し、必要なものを追加する|Organization設定でSSOの認可を行う|X-RateLimit-Remaining レスポンスヘッダーで残りリクエスト数を確認する
GitHub API,404,指定したリポジトリ・ユーザー・コンテンツが見つからない。,リポジトリ名またはユーザー名の綴りが間違っている|プライベートリポジトリに対して権限のないトークンでアクセスしている|ブランチ名またはファイルパスが間違っている,GitHubのWebブラウザで同じURLにアクセスして存在を確認する|プライベートリポジトリの場合はトークンにrepoスコープがあるか確認する|大文字・小文字を含めてリポジトリ名を正確に確認する
GitHub API,422,リクエストの形式は正しいが、データの検証に失敗した。,作ろうとしているブランチ名やタグ名がすでに存在する|IssueやPull Requestのフィールドに不正な値が入っている|GitHubの仕様上、許可されていない操作を試みている,エラーレスポンスの「errors」フィールドで詳細な理由を確認する|重複しているリソース名を変更するか既存のものを削除する|GitHubの公式APIリファレンスで許容値を確認する
GitHub API,429,短時間に送ったリクエストが「二次的なレート制限」に引っかかった。,短時間に同じエンドポイントへ大量のリクエストを送っている|自動化スクリプトがループでAPIを叩き続けている,Retry-After レスポンスヘッダーに記載された秒数だけ待ってから再試行する|リクエスト間に意図的な待機時間（sleep）を設ける|GitHub Appsの認証を使うことで個人トークンより高いレート制限を利用する
GitHub API,500,GitHub側のサーバーで予期しない問題が発生した。,GitHubの内部的な障害であり、利用者側の問題ではない,githubstatus.com で現在の障害情報を確認する|数分後に再試行する|同じ操作をWebブラウザ上から試して問題が再現するか確認する
GitHub API,502,GitHubのインフラ内部で、あるサーバーが別のサーバーから不正な応答を受け取った。,GitHubのデプロイやメンテナンス中に発生することが多い,githubstatus.com で障害情報を確認する|数分後に再試行する
GitHub API,503,GitHubのサービスが一時的に利用できない状態になっている。,GitHubがメンテナンスモードに入っている|GitHubのインフラで過負荷が発生している,githubstatus.com でメンテナンス情報を確認する|Retry-After ヘッダーがある場合はその時間だけ待ってから再試行する
Firebase,400,Firebaseへのリクエストの形式または内容が正しくない。,FirestoreのクエリでWHERE句の組み合わせが複合インデックスを必要とする状態になっている|認証に使うメールアドレスの形式が正しくない|SDKのメソッドに渡したデータの型が間違っている,Firebaseコンソールの「Firestore」→「インデックス」タブでインデックスの追加が必要か確認する|エラーメッセージ内のURLからインデックスを直接作成できる場合はリンクをクリックして作成する|SDKのドキュメントで各メソッドの引数の型を確認する
Firebase,401,Firebaseへのアクセスに有効な認証情報が提供されていない。,FirebaseのIDトークンの有効期限が切れている（通常1時間）|サービスアカウントの鍵ファイルが古いか間違っている|環境変数GOOGLE_APPLICATION_CREDENTIALSが正しく設定されていない,クライアントSDKでauth.currentUser.getIdToken(true)を呼び出してトークンを強制更新する|Firebaseコンソールでサービスアカウントの鍵を再生成してダウンロードする|環境変数のパスが鍵ファイルの実際の場所と一致しているか確認する
Firebase,403,Firebaseのセキュリティルールによってアクセスが拒否された。,Firestoreまたは Cloud StorageのセキュリティルールがWriteやReadを許可していない|ログインしていない状態でログイン必須のデータにアクセスしている|別のユーザーが所有するデータに対して書き込みを試みている,Firebaseコンソールの「Rules Playground」でルールのシミュレーションを実行して拒否理由を確認する|セキュリティルールで request.auth != null の条件を正しく設定する|ルールの条件式にデバッグ用の debug()関数を追加してログを確認する
Firebase,404,Firebaseプロジェクト内の指定したリソースやドキュメントが存在しない。,FirestoreのドキュメントIDまたはパスが間違っている|Cloud Functionsのエンドポイントのパスが誤っている|対象のコレクションやドキュメントがまだ作成されていない,Firebaseコンソールで対象のコレクションとドキュメントの存在を目視確認する|Cloud FunctionsのURLをコンソールのFunctions一覧画面からコピーして使う|データが存在しない場合はアプリ側で「データなし」の状態を適切に処理する
Firebase,429,Firebaseの利用枠（クォータ）の上限を超えた。,無料プラン（Sparkプラン）のFirestore読み取り・書き込み上限に達した|Cloud Functionsの呼び出し回数が上限を超えた|認証メールの送信回数が上限に達した,Firebaseコンソールの「使用量と請求」でどの枠が上限に達しているか確認する|有料プラン（Blazeプラン）へアップグレードする|クライアント側のキャッシュを活用してFirestoreへの読み取りリクエスト数を減らす
Firebase,500,Firebase側のサーバーで予期しない内部エラーが発生した。,Firebaseの内部的な障害であり、利用者の設定の問題ではない場合が多い|Cloud Functionsのコードで処理されない例外（エラー）が発生している,status.firebase.google.com で障害情報を確認する|Cloud Functionsのログ（コンソールの「Functions」→「ログ」）でスタックトレースを確認する|数分後に再試行する
Firebase,503,Firebaseのサービスが一時的に利用できない状態になっている。,Firebaseがメンテナンスまたは過負荷状態になっている|Cloud Functionsのコールドスタートが設定されたタイムアウトを超えた,status.firebase.google.com でサービス状態を確認する|Cloud Functionsのタイムアウト設定を関数設定画面から延長する|数分後に再試行する
Docker,408,クライアントがタイムアウト時間内にリクエストを完了できなかった。,ネットワークが不安定でリクエストの送信が途中で止まった|クライアント側の処理が遅すぎて規定時間内に完了しなかった,ネットワーク接続を確認してから再試行する|Dockerデーモンのクライアントタイムアウト設定（DOCKER_CLIENT_TIMEOUT環境変数）を延長する
Docker,504,Dockerデーモンがプロキシ経由で上流サーバーへの応答を待ったがタイムアウトした。,プライベートレジストリへの接続が遅延またはタイムアウトしている|ネットワークの問題でDockerデーモンが応答を受け取れなかった|プロキシサーバーが上流のレジストリへの接続に時間がかかっている,curl でレジストリのURLに直接アクセスし応答時間を確認する|/etc/docker/daemon.json でタイムアウト設定を延長する|プロキシを経由している場合はプロキシの設定を見直す
AWS,409,リクエストの内容がAWSリソースの現在の状態と競合している。,同じ名前のS3バケットがすでに存在する|EC2インスタンスが状態遷移中（起動中・停止中）で操作を受け付けられない|DynamoDBのテーブルが作成処理中または削除処理中になっている,AWS管理コンソールでリソースの現在の状態を確認してから再試行する|S3バケット名はグローバルで一意になるよう別の名前に変更する|EC2インスタンスが安定した状態（running/stopped）になるまで待ってから操作する
AWS,422,リクエストの形式は正しいが、含まれているデータの内容が処理できない。,CloudFormationテンプレートのリソース定義に論理的な誤りがある|Lambda関数のリクエストペイロードのサイズが上限を超えている|EventBridgeルールの式が不正な形式になっている,AWS CloudFormationのコンソールでスタックのイベントログを確認する|Lambdaのペイロードサイズ上限（同期呼び出し6MB）を確認して送信データを分割する|エラーメッセージの詳細フィールドで問題のあるフィールドを特定する
AWS,504,API GatewayまたはALBがバックエンドからの応答を待っているうちにタイムアウトした。,Lambda関数の処理時間がAPI Gatewayの統合タイムアウト（最大29秒）を超えた|EC2またはECSのアプリケーションが重い処理で応答に時間がかかっている|ALBとバックエンド間のネットワーク遅延が大きい,Lambdaの処理時間を短縮するか非同期処理（SQS経由）に設計を変更する|API Gatewayの統合タイムアウト設定を確認する（最大29秒が上限）|ALBのアクセスログで応答時間が長いリクエストを特定する
GitHub API,409,リクエストの内容がGitHubリソースの現在の状態と競合している。,すでに存在するブランチ名でブランチを作成しようとしている|別のプロセスが同じリソースを同時に変更しようとしている|マージの前提となるコミットSHAが変更されている,作成前にブランチの存在をAPI（GET /repos/{owner}/{repo}/branches/{branch}）で確認する|既存のブランチを削除してから再作成する|コミットのSHAが最新であることを確認してから再実行する
GitHub API,504,GitHubのサーバーがリクエストの処理を時間内に完了できなかった。,大量のファイルを含むリポジトリへの操作でサーバー処理が長時間化している|GitHubのインフラが高負荷状態になっている,githubstatus.com で障害情報を確認する|リクエストするデータ量を減らす（例：ページネーションのper_pageを小さくする）|数分後に再試行する
Firebase,409,Firestoreのトランザクションが他の操作と競合し、完了できなかった。,複数のクライアントが同じドキュメントに対して同時に書き込みトランザクションを実行している|短時間に同じドキュメントへの書き込みが集中している（1ドキュメントあたり1秒1回が上限）,トランザクションの中でリトライロジックを実装する（Firestoreトランザクションは自動リトライするが上限あり）|1つのドキュメントへの書き込みが集中しないようデータ構造を分散させる（シャーディング）|書き込み頻度の高いカウンターには分散カウンターパターンを使う
Firebase,422,Firebaseへのリクエストは形式的に正しいが、データの内容が検証ルールを満たしていない。,Firebase AuthenticationでメールアドレスまたはパスワードがFirebaseの検証ルールを満たしていない|Realtime DatabaseのセキュリティルールでValidate条件を満たしていない|入力データが期待される型や範囲に合っていない,Firebaseコンソールの「Realtime Database」→「ルール」タブで検証ルールを確認する|メールアドレス形式とパスワードの長さ（6文字以上）を確認する|エラーレスポンスの「details」フィールドで失敗した検証条件を特定する
Firebase,502,Firebase HostingまたはCloud Functionsの中継サーバーが上流から不正な応答を受け取った。,Cloud FunctionsのコードがHTTPレスポンスを返さずに終了している|Firebase Hostingのリライトルールが有効なCloud Functionsエンドポイントを指定していない|関数のコールドスタート中にタイムアウトが発生している,Cloud Functionsのログでエラーの詳細を確認する|すべてのコードパスで必ずres.send()またはres.json()を呼び出すようにする|firebase.jsonのrewritesルールで関数名の綴りが正しいか確認する
OpenAI API,400,OpenAI APIへのリクエストの形式または内容に誤りがある。,"リクエストボディのJSONが壊れているか必須フィールドが欠けている|指定したモデル名が間違っているか存在しない|messagesパラメータのroleの値が規定外（""system""/""user""/""assistant""以外）になっている",APIドキュメントで必須パラメータを確認する|使用可能なモデル名（gpt-4o・gpt-4o-mini等）をドキュメントで確認する|エラーレスポンスの「error.message」フィールドで問題の詳細を確認する
OpenAI API,401,OpenAI APIキーが無効または期限切れになっている。,APIキーの文字列が間違っているかコピーミスがある|APIキーが削除または無効化されている|環境変数（OPENAI_API_KEY）が正しく設定されておらずAPIキーが読み込まれていない,platform.openai.com のAPIキー管理画面でキーの有効状態を確認する|APIキーを再生成して使い直す|printenv OPENAI_API_KEY などで環境変数が正しくセットされているか確認する
OpenAI API,403,認証は成功したが、要求したモデルや機能へのアクセス権限がない。,無料ティアでは使用できないモデル（gpt-4等）にアクセスしようとしている|組織のポリシーで特定のモデルや機能が制限されている|APIキーが特定のプロジェクトに紐づいており対象リソースへのアクセスが限定されている,platform.openai.comの課金情報を確認し有料プランへアップグレードする|組織の管理者に権限の付与を依頼する|APIキーの設定画面でアクセス可能なリソースを確認する
OpenAI API,404,指定したモデルやリソースが見つからない。,廃止されたモデル名（gpt-3.5-turbo-0301等の古いスナップショット）を指定している|Fine-tuningしたモデルのIDが間違っているか削除されている|存在しないAPIエンドポイントのURLを使っている,OpenAIの最新モデルリストを確認し現在利用可能なモデル名に変更する|Fine-tuningモデルを使用している場合はモデル一覧API（GET /v1/models）でIDを確認する|APIのベースURL（https://api.openai.com/v1）が正しいか確認する
OpenAI API,429,APIのレート制限または月次利用上限に達した。,短時間に送ったリクエスト数がTPM（1分あたりのトークン数）またはRPM（1分あたりのリクエスト数）の上限を超えた|使用量がアカウントの月次利用上限（Usage Limit）に達した|無料ティアでは非常に低いレート制限が設定されている,エラーレスポンスの「error.message」でどの上限に達したかを確認する|リクエスト間に待機時間を設け指数バックオフでリトライする|platform.openai.comの「Limits」ページでTPM/RPM上限の引き上げを申請する
OpenAI API,500,OpenAI側のサーバーで予期しないエラーが発生した。,OpenAIのインフラで内部的な障害が起きている|特定のリクエスト内容がサーバーエラーを引き起こしている（まれに）,status.openai.com で障害情報を確認する|数秒後に再試行する（指数バックオフを推奨）|問題が継続する場合はOpenAIサポートにリクエスト内容とエラーレスポンスを添えて報告する
OpenAI API,502,OpenAIのインフラ内で中継サーバーが上流から不正な応答を受け取った。,OpenAIのデプロイやメンテナンス中に発生することが多い|非常に長い応答を生成中にネットワーク中断が起きた,status.openai.com で障害情報を確認する|ストリーミング（stream: true）を使っている場合はオフにしてシンプルなリクエストで再試行する|数分後に再試行する
OpenAI API,503,OpenAIのサービスが一時的に利用できない状態になっている。,OpenAIのサーバーが高負荷または過負荷状態になっている|メンテナンスが実施されている,status.openai.com でメンテナンス情報を確認する|Retry-Afterヘッダーがある場合はその時間だけ待ってから再試行する|負荷の低い時間帯に再試行するかバッチ処理をスケジューリングする
